Date;Heure;Lieu;Interlocuteur;Fonction;Société;Téléphone;E-mail;Note;Photo
06/10/2026;10h53;Hapo;Bérenger LETELLIER;Director;Hapo;0607444873;b.letellier@hapo.eu;Exosquelette non motorisé;
06/10/2026;13h32;A22a · ATHA;Valerie;;ATHA;0666042998;atha.president@orange.fr;www.atha.fr;
06/10/2026;14h03;ARJO;Sébastien DESESTRET;Responsable Commercial;Arjo;;;;
06/10/2026;15h38;Cards;Mathieu Thomas;Fondateur;Cards;;;Formation;
06/10/2026;15h40;14h00 · Santé au travail, de l’usage du droit en pratique;Christelle MAZZA;Avocate;;;;;
06/10/2026;15h41;Conf;Dr LIEUTAUD;Médecin du travail;Métropole de Grenoble;;;;
06/10/2026;16h40;Japet;Anaïs Schoreel;;Japet;;;;
06/10/2026;17h23;Imaxio;;;;;;;
06/10/2026;17h23;A10c · Prodergo;;;Prodergo;;;;
06/10/2026;17h35;Organisation du salon;;;;;;;
06/10/2026;19h36;German Bionic;Louis Darfeuille;Sales Manager France;German Bionic;0789345823;l.darfeuille@germanbionic.com;;
06/10/2026;19h38;PhysiOstéo;Alexandre GUYOT;Co-fondateur;PhysiOstéo;0635203819;;;
